ลำดับ,ชื่อคอร์ส,กลุ่ม,หมวดหมู่,วิชา,ผู้สอน,จำนวนข้อสอบ (ข้อ),ไฟล์ PDF (หน้า),คลิปวิดีโอ (ชม.),เหมาะสำหรับ,รายละเอียด / เนื้อหา,สิ่งที่ได้รับ,ราคา (บาท),รูปอ้างอิง,การขาย,อยู่ใน SET,slug,tagline,สถานะ
1,เนื้อหาประถม ป.4,ประถม,เนื้อหาประถม,วิทยาศาสตร์,ครูพี่หนาม,,85,5,นักเรียนประถมปลาย • เรียนเสริม/เพิ่มเกรด • เตรียมสอบกลางภาค/ปลายภาค • เตรียมสอบเข้า ม.1,เนื้อหา: ความรู้เบื้องต้นในทางวิทยาศาสตร์ • การเรียนรู้สิ่งต่าง ๆ รอบตัว • สิ่งมีชีวิต • แรงและพลังงาน • วัสดุและสสาร • โลกและอวกาศ,ไฟล์ PDF + คลิปวิดีโอ (ไม่จำกัดอายุ),599,Grade 4 course data.jpg,ขายเดี่ยว + อยู่ใน SET,"PR-01, PR-05, PR-06, PR-07, PR-08",primary-science-p4,ปูพื้นวิทย์ ป.4 ครบทุกบท เรียนเข้าใจง่าย เพิ่มเกรดในห้อง,เปิดขาย
2,เนื้อหาประถม ป.5,ประถม,เนื้อหาประถม,วิทยาศาสตร์,ครูพี่หนาม,,94,5,นักเรียนประถมปลาย • เรียนเสริม/เพิ่มเกรด • เตรียมสอบกลางภาค/ปลายภาค • เตรียมสอบเข้า ม.1,เนื้อหา: การเรียนรู้สิ่งต่าง ๆ รอบตัว • แรงและพลังงาน • การเปลี่ยนแปลงของสาร • วัฏจักร • สิ่งมีชีวิต,ไฟล์ PDF + คลิปวิดีโอ (ไม่จำกัดอายุ),599,Grade 5 course data.jpg,ขายเดี่ยว + อยู่ใน SET,"PR-02, PR-05, PR-06, PR-07, PR-08",primary-science-p5,สรุปวิทย์ ป.5 ครบทุกบท เตรียมสอบกลางภาค-ปลายภาค,เปิดขาย
3,เนื้อหาประถม ป.6,ประถม,เนื้อหาประถม,วิทยาศาสตร์,ครูพี่หนาม,,90,5,นักเรียนประถมปลาย • เรียนเสริม/เพิ่มเกรด • เตรียมสอบกลางภาค/ปลายภาค • เตรียมสอบเข้า ม.1,เนื้อหา: อาหารและการย่อยอาหาร • การแยกสารเนื้อผสม • หินและซากดึกดำบรรพ์ • ปรากฏการณ์ของโลกและภัยธรรมชาติ • เงา อุปราคา และเทคโนโลยีอวกาศ • แรงไฟฟ้าและพลังงานไฟฟ้า,ไฟล์ PDF + คลิปวิดีโอ (ไม่จำกัดอายุ),599,Grade 6 course data.jpg,ขายเดี่ยว + อยู่ใน SET,"PR-03, PR-05, PR-06, PR-07, PR-08",primary-science-p6,วิทย์ ป.6 ครบทุกบท ปูพื้นให้แน่นก่อนสอบเข้า ม.1,เปิดขาย
4,ข้อสอบประถม ป.4,ประถม,ข้อสอบประถม,วิทยาศาสตร์,ครูพี่หนาม,100,27,3,นักเรียนประถมปลาย • เตรียมสอบกลางภาค/ปลายภาค • เตรียมสอบเข้า ม.1,ตะลุยโจทย์ • เฉลยแบบละเอียด,ไฟล์ PDF + คลิปวิดีโอ (ไม่จำกัดอายุ),299,Grade 4 Exam data.jpg,ขายเดี่ยว + อยู่ใน SET,"PR-01, PR-04, PR-06, PR-07, PR-08, PR-09, PR-10",primary-exercise-p4,ตะลุยโจทย์วิทย์ ป.4 100 ข้อ พร้อมเฉลยละเอียด,เปิดขาย
5,ข้อสอบประถม ป.5,ประถม,ข้อสอบประถม,วิทยาศาสตร์,ครูพี่หนาม,165,40,3,นักเรียนประถมปลาย • เตรียมสอบกลางภาค/ปลายภาค • เตรียมสอบเข้า ม.1,ตะลุยโจทย์ • เฉลยแบบละเอียด,ไฟล์ PDF + คลิปวิดีโอ (ไม่จำกัดอายุ),299,Grade 5 Exam data.jpg,ขายเดี่ยว + อยู่ใน SET,"PR-02, PR-04, PR-06, PR-07, PR-08, PR-09, PR-10",primary-exercise-p5,ตะลุยโจทย์วิทย์ ป.5 165 ข้อ พร้อมเฉลยละเอียด,เปิดขาย
6,ข้อสอบประถม ป.6,ประถม,ข้อสอบประถม,วิทยาศาสตร์,ครูพี่หนาม,120,31,3,นักเรียนประถมปลาย • เตรียมสอบกลางภาค/ปลายภาค • เตรียมสอบเข้า ม.1,ตะลุยโจทย์ • เฉลยแบบละเอียด,ไฟล์ PDF + คลิปวิดีโอ (ไม่จำกัดอายุ),299,Grade 6 Exam data.jpg,ขายเดี่ยว + อยู่ใน SET,"PR-03, PR-04, PR-06, PR-07, PR-08, PR-09, PR-10",primary-exercise-p6,ตะลุยโจทย์วิทย์ ป.6 120 ข้อ พร้อมเฉลยละเอียด,เปิดขาย
7,ตะลุยโจทย์สอบเข้า ม.1 (ห้องพิเศษ),ประถม,สอบเข้า ม.1,วิทยาศาสตร์,ครูพี่หนาม,120,126,10,ประถมปลาย ใช้สอบเข้า ม.1 (จภ. สวนกุหลาบ หอวัง สาธิต และโรงเรียนชั้นนำทั่วประเทศ),ข้อสอบ 4 ชุด ชุดละ 30 ข้อ • สรุปเนื้อหาที่สำคัญท้ายข้อสอบ • แนวโรงเรียนจุฬาภรณราชวิทยาลัย,ไฟล์ PDF + คลิปวิดีโอ (ไม่จำกัดอายุ),599,Science Top Entrace Grade 7.jpg,ขายเดี่ยว + อยู่ใน SET,"PR-08, PR-10",m1-entrance-science-special,ข้อสอบ 4 ชุด 120 ข้อ แนว จภ. สวนกุหลาบ หอวัง สาธิต,เปิดขาย
8,ตะลุยโจทย์สอบเข้า ม.1 (ห้องธรรมดา),ประถม,สอบเข้า ม.1,วิทยาศาสตร์,ครูพี่หนาม,150,56,5,นักเรียนประถมปลาย,สรุปเนื้อหาที่สำคัญท้ายข้อสอบ,ไฟล์ PDF + คลิปวิดีโอ (ไม่จำกัดอายุ),399,Science Entrace Grade 7.jpg,ขายเดี่ยว + อยู่ใน SET,"PR-07, PR-09",m1-entrance-science-regular,เฉลย 150 ข้อ พร้อมสรุปเนื้อหา ติวเข้า ม.1 ตรงจุด,เปิดขาย
9,ติวติดเตรียม,ม.ต้น,สอบเข้า ม.4,ชีววิทยา,ครูพี่หนาม,,80,10,นักเรียน ม.ต้น,สอบเข้า ม.4 ติวติดเตรียมฯ • สรุปเนื้อหา + ข้อสอบ,ไฟล์ PDF + คลิปวิดีโอ (ไม่จำกัดอายุ),599,Tutoring for Udom.jpg,ขายเดี่ยว + อยู่ใน SET,"JH-03, JH-06",triam-udom-m4-biology,สรุปชีวะ + ข้อสอบ สำหรับสอบเข้า ม.4 เตรียมอุดมฯ,เปิดขาย
10,สวช. ม.ต้น,ม.ต้น,สวช.,วิทยาศาสตร์,ครูพี่หนาม,80,58,5,นักเรียน ม.ต้น สายแข่งเชิงวิชาการ หรืออยากเก็บผลงานลง Portfolio,โครงการ สวช. สอบแข่งขันวัดระดับวิชาการระดับชาติ สอบชิงถ้วยพระราชทาน • สรุปเนื้อหาที่สำคัญท้ายข้อสอบ,ไฟล์ PDF + คลิปวิดีโอ (ไม่จำกัดอายุ),399,NAT.jpg,ขายเดี่ยว + อยู่ใน SET,"JH-02, JH-03, JH-04, JH-05, JH-06",nat-junior-science,เฉลย 80 ข้อ สอบชิงถ้วยพระราชทาน สายแข่งวิชาการ ม.ต้น,เปิดขาย
11,IJSO,ม.ต้น,IJSO,ชีววิทยา,ครูพี่หนาม,60,27,5,นักเรียน ม.ต้น,IJSO (ชีวโอลิมปิก) • สรุปเนื้อหาท้ายข้อสอบ,ไฟล์ PDF + คลิปวิดีโอ (ไม่จำกัดอายุ),399,IJSO.jpg,ขายเดี่ยวเท่านั้น,,ijso-biology,เฉลยข้อสอบชีวะ IJSO 60 ข้อ พร้อมสรุปเนื้อหาท้ายเล่ม,เปิดขาย
12,O-NET ม.3,ม.ต้น,O-NET,วิทยาศาสตร์,ครูพี่หนาม,88,49,5,นักเรียน ม.ต้น,Mock Test ตะลุยโจทย์ • สรุปเนื้อหาที่สำคัญท้ายข้อสอบ,ไฟล์ PDF + คลิปวิดีโอ (ไม่จำกัดอายุ),399,O-NET Grade 9.jpg,ขายเดี่ยว + อยู่ใน SET,"JH-04, JH-05, JH-06",onet-m3-science,Mock Test O-NET วิทย์ ม.3 เฉลย 88 ข้อ พร้อมสรุปเนื้อหา,เปิดขาย
13,ตะลุยโจทย์สอบเข้า ม.4 คณิตศาสตร์,ม.ต้น,สอบเข้า ม.4,คณิตศาสตร์,ครูพี่หนาม,50,50,,"นักเรียน ม.ต้น ที่เตรียมสอบเข้า ม.4 (MWIT, เตรียมอุดม (TU), วมว. และโรงเรียนชั้นนำทั่วประเทศ)",ข้อสอบ 50 ข้อ เฉลยแบบละเอียด,ไฟล์ PDF + คลิปวิดีโอ (ไม่จำกัดอายุ),399,Math Entrance Grade 10.jpg,ขายเดี่ยวเท่านั้น,,m4-entrance-math,ตะลุยโจทย์คณิต 50 ข้อ แนว MWIT เตรียมอุดม วมว.,เปิดขาย
14,สอบเข้า ม.4 (SMTE),ม.ต้น,สอบเข้า ม.4,วิทยาศาสตร์,ครูพี่หนาม,100,130,10,นักเรียน ม.ต้น สอบเข้าห้องพิเศษ SMTE,ห้องเรียนวิทยาศาสตร์-คณิตศาสตร์ (SMTE) • สรุปเนื้อหาที่สำคัญท้ายข้อสอบ,ไฟล์ PDF + คลิปวิดีโอ (ไม่จำกัดอายุ),599,SMTE Sciene Grade 10.jpg,ขายเดี่ยว + อยู่ใน SET,"JH-02, JH-05, JH-06",m4-entrance-smte-science,เฉลย 100 ข้อ พร้อมสรุปเนื้อหา พิชิตห้องพิเศษ SMTE,เปิดขาย
15,ปรับพื้นฐาน ม.1 เทอม 1,ม.ต้น,ปรับพื้นฐาน ม.ต้น,วิทยาศาสตร์,ครูพี่หนาม,,30-70,10,นักเรียน ม.ต้น,เนื้อหา: สารบริสุทธิ์ • หน่วยพื้นฐานของสิ่งมีชีวิต • การดำรงชีวิตของพืช • (ทั้งชุดครอบคลุม ฟิสิกส์ เคมี ชีวะ ดาราศาสตร์พื้นฐาน),ไฟล์ PDF + คลิปวิดีโอ (ไม่จำกัดอายุ),599,Junior Highschool Seperate term.jpg,ขายเดี่ยว + อยู่ใน SET,"JH-01, JH-02, JH-03, JH-04",foundation-science-m1-term-1,ปูพื้นวิทย์ ม.1 เทอม 1 — สารบริสุทธิ์ • เซลล์ • ชีวิตพืช,เปิดขาย
16,ปรับพื้นฐาน ม.1 เทอม 2,ม.ต้น,ปรับพื้นฐาน ม.ต้น,วิทยาศาสตร์,ครูพี่หนาม,,30-70,10,นักเรียน ม.ต้น,เนื้อหา: พลังงานความร้อน • กระบวนการเปลี่ยนแปลงลมฟ้าอากาศ • (ทั้งชุดครอบคลุม ฟิสิกส์ เคมี ชีวะ ดาราศาสตร์พื้นฐาน),ไฟล์ PDF + คลิปวิดีโอ (ไม่จำกัดอายุ),599,Junior Highschool Seperate term.jpg,ขายเดี่ยว + อยู่ใน SET,"JH-01, JH-02, JH-03, JH-04",foundation-science-m1-term-2,ปูพื้นวิทย์ ม.1 เทอม 2 — พลังงานความร้อน • ลมฟ้าอากาศ,เปิดขาย
17,ปรับพื้นฐาน ม.2 เทอม 1,ม.ต้น,ปรับพื้นฐาน ม.ต้น,วิทยาศาสตร์,ครูพี่หนาม,,30-70,10,นักเรียน ม.ต้น,เนื้อหา: สารละลาย • ร่างกายมนุษย์ • การเคลื่อนที่และแรง • (ทั้งชุดครอบคลุม ฟิสิกส์ เคมี ชีวะ ดาราศาสตร์พื้นฐาน),ไฟล์ PDF + คลิปวิดีโอ (ไม่จำกัดอายุ),599,Junior Highschool Seperate term.jpg,ขายเดี่ยว + อยู่ใน SET,"JH-01, JH-02, JH-03, JH-04",foundation-science-m2-term-1,ปูพื้นวิทย์ ม.2 เทอม 1 — สารละลาย • ร่างกายมนุษย์ • แรง,เปิดขาย
18,ปรับพื้นฐาน ม.2 เทอม 2,ม.ต้น,ปรับพื้นฐาน ม.ต้น,วิทยาศาสตร์,ครูพี่หนาม,,30-70,10,นักเรียน ม.ต้น,เนื้อหา: งานและพลังงาน • การแยกสาร • โลกและการเปลี่ยนแปลง • ทรัพยากรพลังงาน • (ทั้งชุดครอบคลุม ฟิสิกส์ เคมี ชีวะ ดาราศาสตร์พื้นฐาน),ไฟล์ PDF + คลิปวิดีโอ (ไม่จำกัดอายุ),599,Junior Highschool Seperate term.jpg,ขายเดี่ยว + อยู่ใน SET,"JH-01, JH-02, JH-03, JH-04",foundation-science-m2-term-2,ปูพื้นวิทย์ ม.2 เทอม 2 — พลังงาน • การแยกสาร • โลก,เปิดขาย
19,ปรับพื้นฐาน ม.3 เทอม 1,ม.ต้น,ปรับพื้นฐาน ม.ต้น,วิทยาศาสตร์,ครูพี่หนาม,,30-70,10,นักเรียน ม.ต้น,เนื้อหา: พันธุศาสตร์ • คลื่นและแสง • ระบบสุริยะของเรา • (ทั้งชุดครอบคลุม ฟิสิกส์ เคมี ชีวะ ดาราศาสตร์พื้นฐาน),ไฟล์ PDF + คลิปวิดีโอ (ไม่จำกัดอายุ),599,Junior Highschool Seperate term.jpg,ขายเดี่ยว + อยู่ใน SET,"JH-01, JH-02, JH-03, JH-04",foundation-science-m3-term-1,ปูพื้นวิทย์ ม.3 เทอม 1 — พันธุกรรม • คลื่น แสง • ระบบสุริยะ,เปิดขาย
20,ปรับพื้นฐาน ม.3 เทอม 2,ม.ต้น,ปรับพื้นฐาน ม.ต้น,วิทยาศาสตร์,ครูพี่หนาม,,30-70,10,นักเรียน ม.ต้น,เนื้อหา: ปฏิกิริยาเคมีและวัสดุในชีวิตประจำวัน • ไฟฟ้า • ระบบนิเวศและความหลากหลายทางชีวภาพ • (ทั้งชุดครอบคลุม ฟิสิกส์ เคมี ชีวะ ดาราศาสตร์พื้นฐาน),ไฟล์ PDF + คลิปวิดีโอ (ไม่จำกัดอายุ),599,Junior Highschool Seperate term.jpg,ขายเดี่ยว + อยู่ใน SET,"JH-01, JH-02, JH-03, JH-04",foundation-science-m3-term-2,ปูพื้นวิทย์ ม.3 เทอม 2 — ปฏิกิริยาเคมี • ไฟฟ้า • ระบบนิเวศ,เปิดขาย
21,ครูผู้ช่วย เอกชีวะ,ม.ปลาย,ครูผู้ช่วย,ชีววิทยา,ครูพี่หนาม,400,97,10,ผู้ที่ต้องการฝึกทำข้อสอบจริงและติวแนวทางเพื่อนำไปสอบ,ติวสอบครูผู้ช่วย เอกชีววิทยา • ตะลุยโจทย์ 400 ข้อ,ไฟล์ PDF + คลิปวิดีโอ (ไม่จำกัดอายุ),599,Assist Teacher (Bio Major).jpg,ขายเดี่ยว + อยู่ใน SET,HS-02,assistant-teacher-biology,ตะลุยโจทย์ 400 ข้อ ติวสอบครูผู้ช่วย เอกชีววิทยา,เปิดขาย
22,สวช. ม.ปลาย ชีววิทยา,ม.ปลาย,สวช.,ชีววิทยา,ครูพี่หนาม,40,50,,นักเรียน ม.ปลาย สายแข่งเชิงวิชาการ หรืออยากเก็บผลงานลง Portfolio,โครงการ สวช. สอบชิงถ้วยพระราชทาน • สรุปเนื้อหาท้ายข้อสอบทุกข้อแบบละเอียด พร้อมเทคนิคการทำข้อสอบ,ไฟล์ PDF + คลิปวิดีโอ (ไม่จำกัดอายุ),399,NAT Biology Highschool.jpg,ขายเดี่ยว + อยู่ใน SET,NAT-01,nat-senior-biology,เฉลย สวช. ชีวะ 40 ข้อ พร้อมเทคนิคทำข้อสอบ,เปิดขาย
23,สวช. ม.ปลาย เคมี,ม.ปลาย,สวช.,เคมี,ครูพี่ฝน,40,42,,นักเรียน ม.ปลาย สายแข่งเชิงวิชาการ หรืออยากเก็บผลงานลง Portfolio,โครงการ สวช. สอบชิงถ้วยพระราชทาน • สรุปเนื้อหาท้ายข้อสอบทุกข้อแบบละเอียด พร้อมเทคนิคการทำข้อสอบ,ไฟล์ PDF + คลิปวิดีโอ (ไม่จำกัดอายุ),399,NAT Chemical Highschool.jpg,ขายเดี่ยว + อยู่ใน SET,NAT-01,nat-senior-chemistry,เฉลย สวช. เคมี 40 ข้อ พร้อมเทคนิคทำข้อสอบ,เปิดขาย
24,สวช. ม.ปลาย ฟิสิกส์,ม.ปลาย,สวช.,ฟิสิกส์,ครูพี่ลูกไม้,40,43,,นักเรียน ม.ปลาย สายแข่งเชิงวิชาการ หรืออยากเก็บผลงานลง Portfolio,โครงการ สวช. สอบชิงถ้วยพระราชทาน • สรุปเนื้อหาท้ายข้อสอบทุกข้อแบบละเอียด พร้อมเทคนิคการทำข้อสอบ,ไฟล์ PDF + คลิปวิดีโอ (ไม่จำกัดอายุ),399,NAT Physics Highschool.jpg,ขายเดี่ยว + อยู่ใน SET,NAT-01,nat-senior-physics,เฉลย สวช. ฟิสิกส์ 40 ข้อ พร้อมเทคนิคทำข้อสอบ,เปิดขาย
25,ปรับพื้นฐาน ม.4 เทอม 1,ม.ปลาย,ปรับพื้นฐาน ม.ปลาย,ชีววิทยา,ครูพี่หนาม,,55-90,10,นักเรียนที่ไม่มีพื้นฐาน และใช้สอบเข้ามหาวิทยาลัย,เนื้อหา: บทนำการศึกษาชีววิทยา • เซลล์และการทำงานของเซลล์ • เคมีพื้นฐานของสิ่งมีชีวิต,ไฟล์ PDF + คลิปวิดีโอ (ไม่จำกัดอายุ),599,Highschool seperate term.jpg,ขายเดี่ยว + อยู่ใน SET,"HS-01, HS-02, POSN-02, AL-02, NS-02, BC-02",foundation-biology-m4-term-1,ปูพื้นชีวะ ม.4 เทอม 1 — เซลล์ • เคมีของสิ่งมีชีวิต,เปิดขาย
26,ปรับพื้นฐาน ม.4 เทอม 2,ม.ปลาย,ปรับพื้นฐาน ม.ปลาย,ชีววิทยา,ครูพี่หนาม,,55-90,10,นักเรียนที่ไม่มีพื้นฐาน และใช้สอบเข้ามหาวิทยาลัย,เนื้อหา: ยีนและโครโมโซม • การถ่ายทอดลักษณะพันธุกรรม • เทคโนโลยีทางดีเอ็นเอ • วิวัฒนาการ,ไฟล์ PDF + คลิปวิดีโอ (ไม่จำกัดอายุ),599,Highschool seperate term.jpg,ขายเดี่ยว + อยู่ใน SET,"HS-01, HS-02, POSN-02, AL-02, NS-02, BC-02",foundation-biology-m4-term-2,ปูพื้นชีวะ ม.4 เทอม 2 — พันธุศาสตร์ • DNA • วิวัฒนาการ,เปิดขาย
27,ปรับพื้นฐาน ม.5 เทอม 1,ม.ปลาย,ปรับพื้นฐาน ม.ปลาย,ชีววิทยา,ครูพี่หนาม,,55-90,10,นักเรียนที่ไม่มีพื้นฐาน และใช้สอบเข้ามหาวิทยาลัย,เนื้อหา: การสืบพันธุ์ของพืชดอก • โครงสร้างและหน้าที่ของพืช • การสังเคราะห์ด้วยแสง • การตอบสนองต่อสิ่งเร้าของพืช,ไฟล์ PDF + คลิปวิดีโอ (ไม่จำกัดอายุ),599,Highschool seperate term.jpg,ขายเดี่ยว + อยู่ใน SET,"HS-01, HS-02, POSN-02, AL-02, NS-02, BC-02",foundation-biology-m5-term-1,ปูพื้นชีวะ ม.5 เทอม 1 — พืชดอก • การสังเคราะห์ด้วยแสง,เปิดขาย
28,ปรับพื้นฐาน ม.5 เทอม 2,ม.ปลาย,ปรับพื้นฐาน ม.ปลาย,ชีววิทยา,ครูพี่หนาม,,55-90,10,นักเรียนที่ไม่มีพื้นฐาน และใช้สอบเข้ามหาวิทยาลัย,เนื้อหา: ระบบย่อยอาหาร • ระบบหายใจ • ระบบหมุนเวียนเลือด • ระบบขับถ่าย • ระบบภูมิคุ้มกัน,ไฟล์ PDF + คลิปวิดีโอ (ไม่จำกัดอายุ),599,Highschool seperate term.jpg,ขายเดี่ยว + อยู่ใน SET,"HS-01, HS-02, POSN-02, AL-02, NS-02, BC-02",foundation-biology-m5-term-2,ปูพื้นชีวะ ม.5 เทอม 2 — ระบบในร่างกายมนุษย์ 5 ระบบ,เปิดขาย
29,ปรับพื้นฐาน ม.6 เทอม 1,ม.ปลาย,ปรับพื้นฐาน ม.ปลาย,ชีววิทยา,ครูพี่หนาม,,55-90,10,นักเรียนที่ไม่มีพื้นฐาน และใช้สอบเข้ามหาวิทยาลัย,เนื้อหา: ระบบประสาท • ระบบต่อมไร้ท่อ • ระบบสืบพันธุ์ • พฤติกรรมของสัตว์ • การเคลื่อนที่ของสิ่งมีชีวิต,ไฟล์ PDF + คลิปวิดีโอ (ไม่จำกัดอายุ),599,Highschool seperate term.jpg,ขายเดี่ยว + อยู่ใน SET,"HS-01, HS-02, POSN-02, AL-02, NS-02, BC-02",foundation-biology-m6-term-1,ปูพื้นชีวะ ม.6 เทอม 1 — ประสาท • ต่อมไร้ท่อ • พฤติกรรม,เปิดขาย
30,ปรับพื้นฐาน ม.6 เทอม 2,ม.ปลาย,ปรับพื้นฐาน ม.ปลาย,ชีววิทยา,ครูพี่หนาม,,55-90,10,นักเรียนที่ไม่มีพื้นฐาน และใช้สอบเข้ามหาวิทยาลัย,เนื้อหา: ความหลากหลายของสิ่งมีชีวิต • ระบบนิเวศ • ประชากรและทรัพยากร,ไฟล์ PDF + คลิปวิดีโอ (ไม่จำกัดอายุ),599,Highschool seperate term.jpg,ขายเดี่ยว + อยู่ใน SET,"HS-01, HS-02, POSN-02, AL-02, NS-02, BC-02",foundation-biology-m6-term-2,ปูพื้นชีวะ ม.6 เทอม 2 — ความหลากหลาย • ระบบนิเวศ,เปิดขาย
31,สอวน. ปี 61/64,ม.ปลาย,สอวน.,ชีววิทยา,ครูพี่หนาม,200,107,15,นักเรียน ม.3 ม.4 และ ม.5,สอวน. (ชีวโอลิมปิก) Mock Exam • เฉลยแบบละเอียด,ไฟล์ PDF + คลิปวิดีโอ (ไม่จำกัดอายุ),999,POSN Bio 61_64.jpg,ขายเดี่ยว + อยู่ใน SET,"POSN-01, POSN-02",posn-biology-61-64,เฉลย สอวน. ชีวะ ปี 61/64 รวม 200 ข้อ แบบละเอียด,เปิดขาย
32,สอวน. ปี 66,ม.ปลาย,สอวน.,ชีววิทยา,ครูพี่หนาม,100,41,5,นักเรียน ม.3 ม.4 และ ม.5,สอวน. (ชีวโอลิมปิก) Mock Exam • เฉลยแบบละเอียด,ไฟล์ PDF + คลิปวิดีโอ (ไม่จำกัดอายุ),399,POSN Bio 66.jpg,ขายเดี่ยว + อยู่ใน SET,"POSN-01, POSN-02",posn-biology-66,เฉลย สอวน. ชีวะ ปี 66 จำนวน 100 ข้อ แบบละเอียด,เปิดขาย
33,สอวน. ปี 67,ม.ปลาย,สอวน.,ชีววิทยา,ครูพี่หนาม,100,116,10,นักเรียน ม.3 ม.4 และ ม.5,สอวน. (ชีวโอลิมปิก) Mock Exam • เฉลยแบบละเอียด,ไฟล์ PDF + คลิปวิดีโอ (ไม่จำกัดอายุ),599,POSN Bio 67.jpg,ขายเดี่ยว + อยู่ใน SET,"POSN-01, POSN-02",posn-biology-67,เฉลย สอวน. ชีวะ ปี 67 จำนวน 100 ข้อ แบบละเอียด,เปิดขาย
34,สอวน. ปี 68,ม.ปลาย,สอวน.,ชีววิทยา,ครูพี่หนาม,100,120,10,นักเรียน ม.3 ม.4 และ ม.5,สอวน. (ชีวโอลิมปิก) Mock Exam • เฉลยแบบละเอียด,ไฟล์ PDF + คลิปวิดีโอ (ไม่จำกัดอายุ),599,POSN Bio 68.jpg,ขายเดี่ยว + อยู่ใน SET,"POSN-01, POSN-02",posn-biology-68,เฉลย สอวน. ชีวะ ปี 68 จำนวน 100 ข้อ แบบละเอียด,เปิดขาย
35,A-Level ชีวะ ปี 64-66,ม.ปลาย,A-Level,ชีววิทยา,ครูพี่หนาม,150,113,10,เน้นสอบเข้ามหาวิทยาลัย (แพทย์ เภสัช ทันตะ) สายวิทย์สุขภาพ,เฉลยข้อสอบแบบละเอียด,ไฟล์ PDF + คลิปวิดีโอ (ไม่จำกัดอายุ),599,A-Level 64_66.jpg,ขายเดี่ยว + อยู่ใน SET,"AL-01, AL-02",a-level-biology-64-66,เฉลย A-Level ชีวะ ปี 64-66 รวม 150 ข้อ สายแพทย์ เภสัช ทันตะ,เปิดขาย
36,A-Level ชีวะ ปี 67,ม.ปลาย,A-Level,ชีววิทยา,ครูพี่หนาม,40,53,5,เน้นสอบเข้ามหาวิทยาลัย (แพทย์ เภสัช ทันตะ) สายวิทย์สุขภาพ,เฉลยข้อสอบแบบละเอียด,ไฟล์ PDF + คลิปวิดีโอ (ไม่จำกัดอายุ),399,A-Level 67.jpg,ขายเดี่ยว + อยู่ใน SET,"AL-01, AL-02",a-level-biology-67,เฉลย A-Level ชีวะ ปี 67 จำนวน 40 ข้อ แบบละเอียด,เปิดขาย
37,A-Level ชีวะ ปี 68,ม.ปลาย,A-Level,ชีววิทยา,ครูพี่หนาม,40,57,5,เน้นสอบเข้ามหาวิทยาลัย (แพทย์ เภสัช ทันตะ) สายวิทย์สุขภาพ,เฉลยข้อสอบแบบละเอียด,ไฟล์ PDF + คลิปวิดีโอ (ไม่จำกัดอายุ),399,A-Level 68.jpg,ขายเดี่ยว + อยู่ใน SET,"AL-01, AL-02",a-level-biology-68,เฉลย A-Level ชีวะ ปี 68 จำนวน 40 ข้อ แบบละเอียด,เปิดขาย
38,A-Level วิทย์ประยุกต์,ม.ปลาย,A-Level,วิทยาศาสตร์ประยุกต์,ครูพี่หนาม,80,50,5,เน้นสอบเข้ามหาวิทยาลัย เหมาะกับใช้เข้ากลุ่มคณะสายวิทย์,Mock Test ตะลุยโจทย์ • เฉลยแบบละเอียด,ไฟล์ PDF + คลิปวิดีโอ (ไม่จำกัดอายุ),399,A-Level Applied Science.jpg,ขายเดี่ยวเท่านั้น,,a-level-applied-science,Mock Test 80 ข้อ พร้อมเฉลย เข้ากลุ่มคณะสายวิทย์,เปิดขาย
39,NETSAT ปี 65,ม.ปลาย,NETSAT,ชีววิทยา,ครูพี่หนาม,50,,5,นักเรียนที่จะสอบโควต้า มข. (มหาวิทยาลัยขอนแก่น),NETSAT ความฉลาดรู้เฉพาะด้านชีววิทยา • ข้อสอบจริง ปี 65 • เฉลยแบบละเอียด + สรุปเนื้อหาท้ายข้อสอบ,ไฟล์ PDF + คลิปวิดีโอ (ไม่จำกัดอายุ),399,NETSAT 65.jpg,ขายเดี่ยว + อยู่ใน SET,"NS-01, NS-02",netsat-biology-65,ข้อสอบจริง NETSAT ชีวะ ปี 65 เฉลย 50 ข้อ พิชิตโควต้า มข.,เปิดขาย
40,NETSAT ปี 66,ม.ปลาย,NETSAT,ชีววิทยา,ครูพี่หนาม,50,,,นักเรียนที่จะสอบโควต้า มข. (มหาวิทยาลัยขอนแก่น),NETSAT ความฉลาดรู้เฉพาะด้านชีววิทยา • ข้อสอบจริง ปี 66 • เฉลยแบบละเอียด + สรุปเนื้อหาท้ายข้อสอบ,ไฟล์ PDF + คลิปวิดีโอ (ไม่จำกัดอายุ),399,NETSAT 66.jpg,ขายเดี่ยว + อยู่ใน SET,"NS-01, NS-02",netsat-biology-66,ข้อสอบจริง NETSAT ชีวะ ปี 66 เฉลย 50 ข้อ พิชิตโควต้า มข.,เปิดขาย
41,NETSAT ปี 67,ม.ปลาย,NETSAT,ชีววิทยา,ครูพี่หนาม,50,,,นักเรียนที่จะสอบโควต้า มข. (มหาวิทยาลัยขอนแก่น),NETSAT ความฉลาดรู้เฉพาะด้านชีววิทยา • ข้อสอบจริง ปี 67 • เฉลยแบบละเอียด + สรุปเนื้อหาท้ายข้อสอบ,ไฟล์ PDF + คลิปวิดีโอ (ไม่จำกัดอายุ),399,NETSAT 67.jpg,ขายเดี่ยว + อยู่ใน SET,"NS-01, NS-02",netsat-biology-67,ข้อสอบจริง NETSAT ชีวะ ปี 67 เฉลย 50 ข้อ พิชิตโควต้า มข.,เปิดขาย
42,NETSAT ปี 68,ม.ปลาย,NETSAT,ชีววิทยา,ครูพี่หนาม,50,,3,นักเรียนที่จะสอบโควต้า มข. (มหาวิทยาลัยขอนแก่น),NETSAT ความฉลาดรู้เฉพาะด้านชีววิทยา • ข้อสอบจริง ปี 68 • เฉลยแบบละเอียด + สรุปเนื้อหาท้ายข้อสอบ,ไฟล์ PDF + คลิปวิดีโอ (ไม่จำกัดอายุ),399,NETSAT 68.jpg,ขายเดี่ยว + อยู่ใน SET,"NS-01, NS-02",netsat-biology-68,ข้อสอบจริง NETSAT ชีวะ ปี 68 เฉลย 50 ข้อ พิชิตโควต้า มข.,เปิดขาย
43,BIOCONTEST,ม.ปลาย,Biocontest,ชีววิทยา,ครูพี่หนาม,100,86,10,นักเรียน ม.3 ถึง ม.6 สายแข่งวิชาการ (ชีวะ) หรืออยากเก็บผลงานลง Portfolio,โครงการสอบแข่งขันชีวะ ม.เกษตรศาสตร์ • เฉลยแบบละเอียด,ไฟล์ PDF + คลิปวิดีโอ (ไม่จำกัดอายุ),599,Biocontest.jpg,ขายเดี่ยว + อยู่ใน SET,"BC-01, BC-02",biocontest,เฉลย 100 ข้อ สนามแข่งชีวะ ม.เกษตรศาสตร์,เปิดขาย
44,BIOCONTEST Otter,ม.ปลาย,Biocontest,ชีววิทยา,ครูพี่หนาม,120,167,11,นักเรียน ม.3 ถึง ม.6 สายแข่งวิชาการ (ชีวะ) หรืออยากเก็บผลงานลง Portfolio,โครงการสอบแข่งขันชีวะ ม.เกษตรศาสตร์ • เฉลยแบบละเอียด,ไฟล์ PDF + คลิปวิดีโอ (ไม่จำกัดอายุ),599,Biocontest Otter.jpg,ขายเดี่ยว + อยู่ใน SET,"BC-01, BC-02",biocontest-otter,เฉลย Biocontest Otter 120 ข้อ สนามแข่งชีวะ ม.เกษตรฯ,เปิดขาย